
{
    "region" : "us-east-1",
    "configuration" : "Debug",
    "framework"     : "netcoreapp3.1",
    "self-contained" : false,
    "application"    : "ServiceApi",
    "environment"    : "ServiceApi-dev",
    "enable-xray"    : false,
    "enhanced-health-type" : "basic",
    "additional-options"   : "\"aws:autoscaling:launchconfiguration,SecurityGroups\"=\"sg-09b5e85d76b3120f4\";\"aws:ec2:vpc,Subnets\"=\"subnet-0def82f51b21d62d1\"",
    "solution-stack"       : "64bit Amazon Linux 2 v2.4.1 running .NET Core",
    "environment-type"     : "SingleInstance",
    "cname"                : "serviceapi-dev",
    "instance-type"        : "t2.micro",
    "key-pair"             : "vockey",
    "instance-profile"     : "LabInstanceProfile",
    "service-role"         : "LabRole",
    "proxy-server"         : "nginx"
}